Id,SalePrice,Street,Alley,Utilities
1461,169277.0524984,Pave,,AllPub
1462,187758.393988768,Pave,,AllPub
1463,183583.683569555,Pave,,AllPub
1464,179317.47751083,Pave,,AllPub
1465,150730.079976501,Pave,,AllPub
1466,177150.989247307,Pave,,AllPub
1467,172070.659229164,Pave,,AllPub
1468,175110.956519547,Pave,,AllPub
1469,162011.698831665,Pave,,AllPub
1470,160726.247831419,Pave,,AllPub
1471,157933.279456005,Pave,,AllPub
1472,145291.245020389,Pave,,AllPub
1473,159672.017631819,Pave,,AllPub
1474,164167.518301885,Pave,,AllPub
1475,150891.638244053,Pave,,AllPub
1476,179460.96518734,Pave,,AllPub
1477,185034.62891405,Pave,,AllPub
1478,182352.192644656,Pave,,AllPub
1479,183053.458213802,Pave,,AllPub
1480,187823.339254278,Pave,,AllPub
1481,186544.114327568,Pave,,AllPub
1482,158230.77520516,Pave,Grvl,AllPub
1483,190552.829321091,Pave,,AllPub
1484,147183.67487199,Pave,,AllPub
1485,185855.300905493,Pave,,AllPub
1486,174350.470676986,Pave,,AllPub
1487,201740.620690863,Pave,,AllPub
1488,162986.378895754,Pave,,AllPub
1489,162330.199085679,Pave,,AllPub
1490,165845.938616539,Pave,,AllPub
1491,180929.622876974,Pave,Pave,AllPub
1492,163481.501519718,Pave,,AllPub
1493,187798.076714233,Pave,,AllPub
1494,198822.198942566,Pave,,AllPub
1495,194868.409899858,Pave,,AllPub
1496,152605.298564403,Pave,,AllPub
1497,147797.702836811,Pave,,AllPub
1498,150521.96899297,Pave,,AllPub
1499,146991.630153739,Pave,,AllPub
1500,150306.307814534,Pave,,AllPub
1501,151164.372534604,Pave,,AllPub
1502,151133.706960953,Pave,,AllPub
1503,156214.042540726,Pave,,AllPub
1504,171992.760735142,Pave,,AllPub
1505,173214.912549738,Pave,,AllPub
1506,192429.187345783,Pave,,AllPub
1507,190878.69508543,Pave,,AllPub
1508,194542.544135519,Pave,,AllPub
1509,191849.439072822,Pave,,AllPub
1510,176363.773907793,Pave,,AllPub
1511,176954.185412429,Pave,,AllPub
1512,176521.216975696,Pave,,AllPub
1513,179436.704810176,Grvl,,AllPub
1514,220079.756777048,Pave,,AllPub
1515,175502.918109444,Pave,,AllPub
1516,188321.073833569,Pave,,AllPub
1517,163276.324450004,Pave,Pave,AllPub
1518,185911.366293097,Pave,,AllPub
1519,171392.830997252,Pave,,AllPub
1520,174418.207020775,Pave,,AllPub
1521,179682.709603774,Pave,,AllPub
1522,179423.751581665,Pave,,AllPub
1523,171756.918091777,Pave,,AllPub
1524,166849.638174419,Pave,,AllPub
1525,181122.168676666,Pave,,AllPub
1526,170934.462746566,Pave,,AllPub
1527,159738.292580329,Pave,,AllPub
1528,174445.759557658,Pave,,AllPub
1529,174706.363659627,Pave,,AllPub
1530,164507.672539365,Pave,,AllPub
1531,163602.512172832,Pave,,AllPub
1532,154126.270249525,Pave,,AllPub
1533,171104.853481351,Pave,,AllPub
1534,167735.39270528,Pave,,AllPub
1535,183003.613338104,Pave,,AllPub
1536,172580.381161499,Pave,,AllPub
1537,165407.889104689,Pave,,AllPub
1538,176363.773907793,Pave,,AllPub
1539,175182.950898522,Pave,,AllPub
1540,190757.177789246,Pave,Grvl,AllPub
1541,167186.995771991,Pave,,AllPub
1542,167839.376779276,Pave,,AllPub
1543,173912.421165137,Pave,,AllPub
1544,154034.917445551,Pave,,AllPub
1545,156002.955794336,Pave,,AllPub
1546,168173.94329857,Pave,,AllPub
1547,168882.437104132,Pave,,AllPub
1548,168173.94329857,Pave,Pave,AllPub
1549,157580.177551642,Pave,,AllPub
1550,181922.15256011,Pave,,AllPub
1551,155134.227842592,Pave,,AllPub
1552,188885.573319552,Pave,,AllPub
1553,183963.193012381,Pave,Grvl,AllPub
1554,161298.762306335,Pave,,AllPub
1555,188613.66763056,Pave,,AllPub
1556,175080.111822945,Pave,,AllPub
1557,174744.400305232,Pave,,AllPub
1558,168175.911336919,Pave,,AllPub
1559,182333.472575006,Pave,,AllPub
1560,158307.206742274,Pave,,AllPub
1561,193053.055502348,Pave,,AllPub
1562,175031.089987177,Pave,,AllPub
1563,160713.294602908,Pave,,AllPub
1564,173186.215014436,Pave,,AllPub
1565,191736.7598055,Pave,,AllPub
1566,170401.630997116,Pave,,AllPub
1567,164626.577880222,Pave,Grvl,AllPub
1568,205469.409444832,Pave,,AllPub
1569,209561.784211885,Pave,,AllPub
1570,182271.503072356,Pave,,AllPub
1571,178081.549427793,Pave,,AllPub
1572,178425.956138831,Pave,,AllPub
1573,162015.318511503,Pave,,AllPub
1574,181722.420373045,Pave,,AllPub
1575,156705.730169433,Pave,,AllPub
1576,182902.420342386,Pave,Pave,AllPub
1577,157574.595395085,Pave,,AllPub
1578,184380.739100813,Pave,,AllPub
1579,169364.469225677,Pave,,AllPub
1580,175846.179822063,Pave,,AllPub
1581,189673.295302136,Pave,,AllPub
1582,174401.317715566,Pave,,AllPub
1583,179021.448718583,Pave,,AllPub
1584,189196.845337149,Pave,,AllPub
1585,139647.095720655,Pave,,AllPub
1586,161468.198288911,Pave,,AllPub
1587,171557.32317862,Pave,,AllPub
1588,179447.36804185,Pave,,AllPub
1589,169611.619017694,Pave,,AllPub
1590,172088.872655744,Pave,,AllPub
1591,171190.624128768,Pave,,AllPub
1592,154850.508361878,Pave,,AllPub
1593,158617.655719941,Pave,,AllPub
1594,209258.33693701,Pave,,AllPub
1595,177939.027626751,Pave,,AllPub
1596,194631.100299584,Pave,,AllPub
1597,213618.871562568,Pave,,AllPub
1598,198342.504228533,Pave,,AllPub
1599,138607.971472497,Pave,,AllPub
1600,150778.958976731,Pave,,AllPub
1601,146966.230339786,Pave,,AllPub
1602,162182.59620952,Pave,,AllPub
1603,176825.940961269,Pave,,AllPub
1604,152799.812402444,Pave,,AllPub
1605,180322.322067129,Pave,,AllPub
1606,177508.027228367,Pave,,AllPub
1607,208029.642652019,Pave,,AllPub
1608,181987.282510201,Pave,,AllPub
1609,160172.72797397,Pave,,AllPub
1610,176761.317654248,Pave,,AllPub
1611,176515.497545231,Pave,,AllPub
1612,176270.453065471,Pave,,AllPub
1613,183050.846258475,Pave,,AllPub
1614,150011.102062216,Pave,,AllPub
1615,159270.537808667,Pave,,AllPub
1616,163419.663729346,Pave,,AllPub
1617,163399.983345859,Pave,,AllPub
1618,173364.161505756,Pave,,AllPub
1619,169556.835902417,Pave,,AllPub
1620,183690.595995738,Pave,,AllPub
1621,176980.914909382,Pave,,AllPub
1622,204773.36222471,Pave,,AllPub
1623,174728.655998442,Pave,,AllPub
1624,181873.458244461,Pave,,AllPub
1625,177322.000823979,Pave,Pave,AllPub
1626,193927.939041863,Pave,,AllPub
1627,181715.622732304,Pave,,AllPub
1628,199270.841200324,Pave,,AllPub
1629,177109.589956218,Pave,,AllPub
1630,153909.578271486,Pave,,AllPub
1631,162931.203336223,Pave,,AllPub
1632,166386.7567182,Pave,,AllPub
1633,173719.30379824,Pave,,AllPub
1634,179757.925656704,Pave,,AllPub
1635,179007.601964376,Pave,,AllPub
1636,180370.808623106,Pave,,AllPub
1637,185102.616730563,Pave,,AllPub
1638,198825.563452058,Pave,,AllPub
1639,184294.576009142,Pave,,AllPub
1640,200443.7920562,Pave,,AllPub
1641,181294.784484153,Pave,,AllPub
1642,174354.336267919,Pave,,AllPub
1643,172023.677781517,Pave,,AllPub
1644,181666.922855025,Pave,,AllPub
1645,179024.491269586,Pave,,AllPub
1646,178324.191575907,Pave,,AllPub
1647,184534.676687694,Pave,,AllPub
1648,159397.250378784,Pave,,AllPub
1649,178430.966728182,Pave,,AllPub
1650,177743.799385967,Pave,,AllPub
1651,179395.305519087,Pave,,AllPub
1652,151713.38474815,Pave,,AllPub
1653,151713.38474815,Pave,,AllPub
1654,168434.977996215,Pave,,AllPub
1655,153999.100311019,Pave,,AllPub
1656,164096.097354123,Pave,,AllPub
1657,166335.403036551,Pave,,AllPub
1658,163020.725375757,Pave,,AllPub
1659,155862.510668829,Pave,,AllPub
1660,182760.651095509,Pave,,AllPub
1661,201912.270622883,Pave,,AllPub
1662,185988.233987516,Pave,,AllPub
1663,183778.44888032,Pave,,AllPub
1664,170935.85921771,Pave,,AllPub
1665,184468.908382254,Pave,Grvl,AllPub
1666,191569.089663229,Pave,,AllPub
1667,232991.025583822,Pave,,AllPub
1668,180980.721388278,Pave,,AllPub
1669,164279.13048219,Pave,,AllPub
1670,183859.460411109,Pave,,AllPub
1671,185922.465682076,Pave,,AllPub
1672,191742.778119363,Pave,,AllPub
1673,199954.072465842,Pave,,AllPub
1674,180690.274752587,Pave,,AllPub
1675,163099.3096358,Pave,,AllPub
1676,140791.922472443,Pave,,AllPub
1677,166481.86647592,Pave,,AllPub
1678,172080.434496773,Pave,Grvl,AllPub
1679,191719.161659178,Pave,,AllPub
1680,160741.098612515,Pave,,AllPub
1681,157829.546854733,Pave,,AllPub
1682,196896.748596341,Pave,,AllPub
1683,159675.423990355,Pave,,AllPub
1684,182084.790901946,Pave,,AllPub
1685,179233.926374487,Pave,,AllPub
1686,155774.270901623,Pave,,AllPub
1687,181354.326716058,Pave,,AllPub
1688,179605.563663918,Pave,,AllPub
1689,181609.34866147,Pave,,AllPub
1690,178221.531623281,Pave,,AllPub
1691,175559.920735795,Pave,,AllPub
1692,200328.822792041,Pave,,AllPub
1693,178630.060559899,Pave,,AllPub
1694,177174.535221728,Pave,,AllPub
1695,172515.687368714,Pave,,AllPub
1696,204032.992922943,Pave,,AllPub
1697,176023.232787689,Pave,,AllPub
1698,202202.073341595,Pave,,AllPub
1699,181734.480075862,Pave,,AllPub
1700,183982.158993126,Pave,,AllPub
1701,188007.94241481,Pave,,AllPub
1702,185922.966763517,Pave,,AllPub
1703,183978.544874918,Pave,,AllPub
1704,177199.618638821,Pave,,AllPub
1705,181878.647956764,Pave,,AllPub
1706,173622.088728263,Pave,,AllPub
1707,180728.168562655,Pave,Grvl,AllPub
1708,176477.026606328,Pave,,AllPub
1709,184282.266697609,Pave,,AllPub
1710,162062.47538448,Pave,,AllPub
1711,182550.070992189,Pave,,AllPub
1712,180987.949624695,Pave,,AllPub
1713,178173.79762147,Pave,,AllPub
1714,179980.635948606,Pave,,AllPub
1715,173257.637826205,Pave,,AllPub
1716,177271.291059307,Pave,,AllPub
1717,175338.355442312,Pave,,AllPub
1718,177548.140549508,Pave,,AllPub
1719,175969.91662932,Pave,,AllPub
1720,175011.481953462,Pave,,AllPub
1721,185199.372568143,Pave,,AllPub
1722,188514.050228937,Pave,,AllPub
1723,185080.145268797,Pave,,AllPub
1724,157304.402574096,Pave,,AllPub
1725,194260.859481297,Pave,Grvl,AllPub
1726,181262.329995106,Pave,,AllPub
1727,157003.292706732,Pave,,AllPub
1728,182924.499359899,Pave,,AllPub
1729,181902.586375439,Pave,,AllPub
1730,188985.371708134,Pave,,AllPub
1731,185290.904495068,Pave,,AllPub
1732,177304.425752748,Pave,,AllPub
1733,166274.900490809,Pave,,AllPub
1734,177807.420530107,Pave,,AllPub
1735,180330.624816201,Pave,,AllPub
1736,179069.112234629,Pave,,AllPub
1737,175943.371816948,Pave,,AllPub
1738,185199.050609653,Pave,,AllPub
1739,167350.910824524,Pave,,AllPub
1740,149315.311876449,Pave,,AllPub
1741,139010.847766793,Pave,,AllPub
1742,155412.151845447,Pave,Pave,AllPub
1743,171308.313985441,Pave,,AllPub
1744,176220.543265638,Pave,,AllPub
1745,177643.434991809,Pave,,AllPub
1746,187222.653264601,Pave,Pave,AllPub
1747,185635.132083154,Pave,,AllPub
1748,206492.534215854,Pave,,AllPub
1749,181681.021081956,Pave,,AllPub
1750,180500.198072685,Pave,,AllPub
1751,206486.17086841,Pave,,AllPub
1752,161334.301195429,Pave,Grvl,AllPub
1753,176156.558313965,Pave,,AllPub
1754,191642.223478994,Pave,,AllPub
1755,191945.808027777,Pave,,AllPub
1756,164146.306037354,Pave,,AllPub
1757,179883.057071096,Pave,,AllPub
1758,178071.137668844,Pave,Pave,AllPub
1759,188241.637896875,Pave,,AllPub
1760,174559.656173171,Pave,,AllPub
1761,182347.363042264,Pave,,AllPub
1762,191507.251872857,Pave,,AllPub
1763,199751.865597358,Pave,,AllPub
1764,162106.416145131,Pave,,AllPub
1765,164575.982314367,Pave,,AllPub
1766,179176.352180931,Pave,,AllPub
1767,177327.403857584,Pave,,AllPub
1768,177818.083761781,Pave,Grvl,AllPub
1769,186965.204048443,Pave,,AllPub
1770,178762.742169197,Pave,,AllPub
1771,183322.866146283,Pave,,AllPub
1772,178903.295931891,Pave,,AllPub
1773,186570.129421778,Pave,,AllPub
1774,199144.242829024,Pave,,AllPub
1775,172154.713310956,Pave,Grvl,AllPub
1776,177444.019201603,Pave,,AllPub
1777,166200.938073485,Pave,,AllPub
1778,158995.770555632,Pave,,AllPub
1779,168273.282454755,Pave,,AllPub
1780,189680.453052788,Pave,,AllPub
1781,181681.021081956,Pave,,AllPub
1782,160277.142643643,Pave,,AllPub
1783,197318.54715833,Pave,,AllPub
1784,162228.935604196,Pave,,AllPub
1785,187340.455456083,Pave,,AllPub
1786,181065.347037275,Pave,,AllPub
1787,190233.609102705,Pave,,AllPub
1788,157929.594852031,Pave,,AllPub
1789,168557.001935469,Pave,Pave,AllPub
1790,160805.584645628,Pave,,AllPub
1791,221648.391978216,Pave,,AllPub
1792,180539.88079815,Pave,,AllPub
1793,182105.616283853,Pave,,AllPub
1794,166380.852603154,Pave,,AllPub
1795,178942.155617426,Pave,,AllPub
1796,162804.747800461,Grvl,,AllPub
1797,183077.684392615,Pave,,AllPub
1798,171728.4720292,Pave,,AllPub
1799,164786.741540638,Pave,,AllPub
1800,177427.267170302,Pave,,AllPub
1801,197318.54715833,Pave,,AllPub
1802,178658.114178223,Pave,,AllPub
1803,185437.320523764,Pave,,AllPub
1804,169759.652489529,Pave,,AllPub
1805,173986.635055186,Pave,,AllPub
1806,168607.664289468,Pave,,AllPub
1807,194138.519145183,Pave,,AllPub
1808,192502.440921994,Pave,,AllPub
1809,176746.969818601,Pave,,AllPub
1810,177604.891703134,Pave,,AllPub
1811,193283.746584832,Pave,,AllPub
1812,181627.061006609,Pave,,AllPub
1813,169071.62025834,Pave,,AllPub
1814,167398.006470987,Pave,,AllPub
1815,150106.505141704,Pave,,AllPub
1816,159650.304285848,Pave,,AllPub
1817,179471.23597476,Pave,,AllPub
1818,177109.589956218,Pave,,AllPub
1819,166558.113328453,Pave,,AllPub
1820,153796.714319583,Pave,,AllPub
1821,174520.152570658,Pave,,AllPub
1822,196297.95829524,Pave,Pave,AllPub
1823,169100.681601175,Pave,,AllPub
1824,176911.319164431,Pave,,AllPub
1825,169234.6454828,Pave,,AllPub
1826,172386.297919134,Pave,,AllPub
1827,156031.904802362,Pave,,AllPub
1828,168202.892306596,Pave,,AllPub
1829,166505.984017547,Pave,,AllPub
1830,176507.37022149,Pave,,AllPub
1831,180116.752553161,Pave,,AllPub
1832,183072.740591406,Pave,,AllPub
1833,189595.964677698,Pave,,AllPub
1834,167523.919076265,Pave,,AllPub
1835,210817.775863413,Pave,,AllPub
1836,172942.930813351,Pave,,AllPub
1837,145286.278144089,Pave,,AllPub
1838,176468.653371492,Pave,,AllPub
1839,159040.069562187,Pave,,AllPub
1840,178518.204332507,Pave,,AllPub
1841,169163.980786825,Pave,Pave,AllPub
1842,189786.685274579,Pave,Pave,AllPub
1843,181246.728523853,Pave,,AllPub
1844,176349.927153587,Pave,,AllPub
1845,205266.631009142,Pave,,AllPub
1846,187397.993362224,Pave,,AllPub
1847,208943.427726113,Pave,,AllPub
1848,165014.532907657,Pave,,AllPub
1849,182492.037566236,Pave,,AllPub
1850,161718.71259042,Pave,,AllPub
1851,180084.118941162,Pave,Grvl,AllPub
1852,178534.950802179,Pave,,AllPub
1853,151217.259961305,Pave,,AllPub
1854,156342.717587562,Pave,,AllPub
1855,188511.443835239,Pave,,AllPub
1856,183570.337896789,Pave,,AllPub
1857,225810.160292177,Pave,,AllPub
1858,214217.401131694,Pave,,AllPub
1859,187665.64101603,Pave,,AllPub
1860,161157.177744039,Pave,,AllPub
1861,187643.992594193,Pave,,AllPub
1862,228156.372839158,Pave,,AllPub
1863,220449.534665317,Pave,,AllPub
1864,220522.352084222,Pave,,AllPub
1865,156647.763531624,Pave,,AllPub
1866,187388.833374873,Pave,,AllPub
1867,178640.723791573,Pave,,AllPub
1868,180847.216739049,Pave,,AllPub
1869,159505.170529478,Pave,,AllPub
1870,164305.538020654,Pave,,AllPub
1871,180181.19673723,Pave,,AllPub
1872,184602.734989972,Pave,,AllPub
1873,193440.372174434,Pave,,AllPub
1874,184199.788209911,Pave,Grvl,AllPub
1875,196241.892907637,Pave,,AllPub
1876,175588.618271096,Pave,,AllPub
1877,179503.046546829,Pave,,AllPub
1878,183658.076582555,Pave,,AllPub
1879,193700.976276404,Pave,,AllPub
1880,165399.62450704,Pave,,AllPub
1881,186847.944787446,Pave,,AllPub
1882,198127.73287817,Pave,,AllPub
1883,183320.898107934,Pave,,AllPub
1884,181613.606696657,Pave,,AllPub
1885,178298.791761954,Pave,,AllPub
1886,185733.534000593,Pave,Grvl,AllPub
1887,180008.188485489,Pave,,AllPub
1888,175127.59621604,Pave,,AllPub
1889,183467.176862723,Pave,,AllPub
1890,182705.546021743,Pave,,AllPub
1891,152324.943593181,Pave,,AllPub
1892,169878.515981342,Pave,,AllPub
1893,183735.975076576,Pave,,AllPub
1894,224118.280105941,Pave,,AllPub
1895,169355.202465146,Pave,,AllPub
1896,180054.276407441,Pave,,AllPub
1897,174081.601977368,Pave,,AllPub
1898,168494.985022146,Pave,,AllPub
1899,181871.598843299,Pave,,AllPub
1900,173554.489658383,Pave,Grvl,AllPub
1901,169805.382165577,Pave,,AllPub
1902,176192.990728755,Pave,,AllPub
1903,204264.39284654,Pave,,AllPub
1904,169630.906956928,Pave,,AllPub
1905,185724.838807268,Pave,,AllPub
1906,195699.036281861,Pave,,AllPub
1907,189494.276162169,Pave,,AllPub
1908,149607.905673439,Pave,,AllPub
1909,154650.199045978,Pave,,AllPub
1910,151579.558140433,Pave,,AllPub
1911,185147.380531144,Pave,,AllPub
1912,196314.53120359,Pave,,AllPub
1913,210802.395364155,Pave,,AllPub
1914,166271.2863726,Pave,,AllPub
1915,154865.359142973,Pave,,AllPub
1916,173575.5052865,Pave,,AllPub
1917,179399.563554274,Pave,Grvl,AllPub
1918,164280.776562049,Pave,,AllPub
1919,171247.48948121,Pave,Grvl,AllPub
1920,166878.587182445,Pave,,AllPub
1921,188129.459710994,Pave,,AllPub
1922,183517.34369691,Pave,,AllPub
1923,175522.026925727,Pave,,AllPub
1924,190060.105331152,Pave,,AllPub
1925,174179.824771856,Pave,,AllPub
1926,171059.523675194,Pave,,AllPub
1927,183004.186769318,Pave,,AllPub
1928,183601.647387418,Pave,,AllPub
1929,163539.327185998,Pave,,AllPub
1930,164677.676391525,Pave,,AllPub
1931,162395.073865424,Pave,,AllPub
1932,182207.6323195,Pave,,AllPub
1933,192223.939790304,Pave,,AllPub
1934,176391.829390125,Pave,,AllPub
1935,181913.179121348,Pave,,AllPub
1936,179136.097888261,Pave,,AllPub
1937,196595.568243212,Pave,,AllPub
1938,194822.365690957,Pave,,AllPub
1939,148356.669440918,Pave,,AllPub
1940,160387.604263899,Pave,,AllPub
1941,181276.500571809,Pave,,AllPub
1942,192474.817899346,Pave,,AllPub
1943,157699.907796437,Pave,Pave,AllPub
1944,215785.540813051,Pave,,AllPub
1945,181824.300998793,Pave,,AllPub
1946,221813.00948166,Pave,,AllPub
1947,165281.292597397,Pave,,AllPub
1948,255629.49047034,Pave,,AllPub
1949,173154.590990955,Pave,,AllPub
1950,183884.65246539,Pave,,AllPub
1951,200210.353608489,Pave,,AllPub
1952,186599.221265342,Pave,,AllPub
1953,192718.532696106,Pave,,AllPub
1954,178628.665952764,Pave,,AllPub
1955,180650.342418406,Pave,,AllPub
1956,206003.107947263,Pave,,AllPub
1957,166457.67844853,Pave,,AllPub
1958,202916.221653487,Pave,Pave,AllPub
1959,192463.969983091,Pave,,AllPub
1960,171775.497189898,Pave,,AllPub
1961,175249.222149411,Pave,,AllPub
1962,147086.59893993,Pave,,AllPub
1963,149709.672100371,Pave,,AllPub
1964,171411.404533743,Pave,,AllPub
1965,178188.964799425,Pave,,AllPub
1966,156491.711373235,Pave,Grvl,AllPub
1967,180953.241201168,Pave,,AllPub
1968,203909.759061135,Pave,,AllPub
1969,175470.149087545,Pave,,AllPub
1970,205578.333622415,Pave,,AllPub
1971,199428.857699441,Pave,,AllPub
1972,187599.163869476,Pave,,AllPub
1973,192265.198109864,Pave,,AllPub
1974,196666.554897677,Pave,,AllPub
1975,155537.862252682,Pave,,AllPub
1976,169543.240620935,Pave,,AllPub
1977,202487.010170501,Pave,,AllPub
1978,208232.716273485,Pave,,AllPub
1979,173621.195202569,Pave,,AllPub
1980,172414.608571812,Pave,,AllPub
1981,164400.75641556,Pave,Grvl,AllPub
1982,160480.424024781,Pave,,AllPub
1983,156060.853810389,Pave,,AllPub
1984,157437.192820581,Pave,,AllPub
1985,158163.720929772,Pave,,AllPub
1986,154849.043268978,Pave,Pave,AllPub
1987,152186.609341561,Pave,,AllPub
1988,180340.215399228,Pave,,AllPub
1989,178344.62451356,Pave,,AllPub
1990,190170.382266827,Pave,,AllPub
1991,168092.975480832,Pave,,AllPub
1992,178757.912566805,Pave,,AllPub
1993,174518.256882082,Pave,,AllPub
1994,198168.490116289,Pave,,AllPub
1995,176882.693978902,Pave,,AllPub
1996,183801.672896251,Pave,,AllPub
1997,196400.046680661,Pave,,AllPub
1998,172281.605004025,Pave,,AllPub
1999,196380.366297173,Pave,,AllPub
2000,198228.354306682,Pave,,AllPub
2001,195556.581268962,Pave,,AllPub
2002,186453.264469043,Pave,,AllPub
2003,181869.381196234,Pave,,AllPub
2004,175610.840124147,Pave,,AllPub
2005,183438.730800145,Pave,,AllPub
2006,179584.488673295,Pave,,AllPub
2007,182386.152242034,Pave,,AllPub
2008,160750.367237054,Pave,,AllPub
2009,182477.505046008,Pave,,AllPub
2010,187720.359207171,Pave,,AllPub
2011,187201.942081511,Pave,,AllPub
2012,176385.102235149,Pave,,AllPub
2013,175901.787841278,Pave,,AllPub
2014,182584.280198283,Pave,,AllPub
2015,195664.686104237,Pave,,AllPub
2016,181420.346494222,Pave,,AllPub
2017,176676.04995228,Pave,,AllPub
2018,181594.678867334,Pave,,AllPub
2019,178521.747964951,Pave,,AllPub
2020,175895.883726231,Pave,,AllPub
2021,168468.005916477,Pave,,AllPub
2022,200973.129447888,Pave,,AllPub
2023,197030.641992202,Pave,,AllPub
2024,192867.417844592,Pave,,AllPub
2025,196449.247639381,Pave,,AllPub
2026,141684.196398607,Pave,,AllPub
2027,153353.334123901,Pave,,AllPub
2028,151143.549016705,Pave,,AllPub
2029,163753.087114229,Pave,,AllPub
2030,158682.460013921,Pave,,AllPub
2031,144959.835250915,Pave,,AllPub
2032,160144.390548579,Pave,,AllPub
2033,156286.534303521,Pave,,AllPub
2034,165726.707619571,Pave,,AllPub
2035,182427.481047359,Pave,,AllPub
2036,173310.56154032,Pave,,AllPub
2037,173310.56154032,Pave,,AllPub
2038,151556.01403002,Pave,,AllPub
2039,158908.146068683,Pave,Pave,AllPub
2040,209834.383092536,Pave,Grvl,AllPub
2041,192410.516550815,Pave,,AllPub
2042,174026.247294886,Pave,,AllPub
2043,195499.830115336,Grvl,,AllPub
2044,200918.018812493,Pave,,AllPub
2045,207243.616023976,Pave,,AllPub
2046,196149.783851876,Pave,,AllPub
2047,192097.914850217,Pave,,AllPub
2048,178570.948923671,Pave,,AllPub
2049,228617.968325428,Pave,,AllPub
2050,199929.884438451,Pave,,AllPub
2051,160206.365612859,Pave,,AllPub
2052,179854.431885567,Pave,,AllPub
2053,185987.340461822,Pave,,AllPub
2054,161122.505607926,Pave,,AllPub
2055,175949.342720138,Pave,,AllPub
2056,183683.590595324,Pave,,AllPub
2057,176401.34762338,Pave,Grvl,AllPub
2058,205832.532527897,Pave,,AllPub
2059,177799.799849436,Pave,,AllPub
2060,167565.362080406,Pave,,AllPub
2061,186348.958436557,Pave,,AllPub
2062,179782.759465081,Pave,,AllPub
2063,169837.623333323,Pave,,AllPub
2064,178817.275675758,Pave,Pave,AllPub
2065,174444.479149339,Pave,,AllPub
2066,192834.968917174,Pave,,AllPub
2067,196564.717984981,Pave,,AllPub
2068,206977.567039357,Pave,,AllPub
2069,157054.253944128,Pave,,AllPub
2070,175142.948078577,Pave,,AllPub
2071,159932.1643654,Pave,,AllPub
2072,182801.408333628,Pave,,AllPub
2073,181510.375176825,Pave,,AllPub
2074,181613.035129451,Pave,,AllPub
2075,186920.512597635,Pave,,AllPub
2076,157950.170625222,Pave,,AllPub
2077,176115.159022876,Pave,,AllPub
2078,182744.514344465,Pave,,AllPub
2079,180660.683691591,Pave,,AllPub
2080,160775.629777099,Pave,,AllPub
2081,186711.715848082,Pave,Grvl,AllPub
2082,223581.758190888,Pave,,AllPub
2083,172330.943236652,Pave,,AllPub
2084,163474.633393212,Pave,,AllPub
2085,175308.263299874,Pave,,AllPub
2086,187462.725306432,Pave,,AllPub
2087,180655.101535034,Pave,,AllPub
2088,152121.98603454,Pave,,AllPub
2089,159856.233909727,Pave,,AllPub
2090,186559.854936737,Pave,,AllPub
2091,183962.550959411,Pave,Grvl,AllPub
2092,162107.168699296,Pave,,AllPub
2093,162582.288981283,Pave,,AllPub
2094,154407.701597409,Pave,,AllPub
2095,181625.666399474,Pave,,AllPub
2096,164810.609473548,Pave,Pave,AllPub
2097,176429.401241704,Pave,,AllPub
2098,179188.089925259,Pave,,AllPub
2099,145997.635377703,Pave,,AllPub
2100,218676.768270367,Pave,,AllPub
2101,188323.861214226,Pave,,AllPub
2102,168690.0722914,Pave,,AllPub
2103,165088.746797705,Pave,,AllPub
2104,191435.007885166,Pave,,AllPub
2105,168864.404664512,Pave,,AllPub
2106,176041.882371574,Pave,,AllPub
2107,215911.674390325,Pave,,AllPub
2108,167388.238629016,Pave,,AllPub
2109,163854.786753017,Pave,,AllPub
2110,163299.477980171,Pave,,AllPub
2111,178298.214633119,Pave,,AllPub
2112,176376.586164775,Pave,,AllPub
2113,170211.043976522,Pave,,AllPub
2114,170818.344786366,Pave,Grvl,AllPub
2115,174388.867432503,Pave,,AllPub
2116,161112.987374671,Pave,,AllPub
2117,172179.082325307,Pave,,AllPub
2118,157798.309713876,Pave,,AllPub
2119,169106.151422924,Pave,,AllPub
2120,170129.531364292,Pave,,AllPub
2121,157680.227412949,Pave,,AllPub
2122,162690.209131977,Pave,,AllPub
2123,146968.379365095,Pave,,AllPub
2124,181507.721372455,Pave,,AllPub
2125,191215.589752983,Pave,,AllPub
2126,189432.689844522,Pave,,AllPub
2127,207271.484957719,Pave,,AllPub
2128,170030.807488363,Pave,,AllPub
2129,148409.806476335,Pave,,AllPub
2130,193850.613979055,Pave,,AllPub
2131,193808.319298263,Pave,,AllPub
2132,166300.235380627,Pave,,AllPub
2133,163474.633393212,Pave,,AllPub
2134,177473.606564978,Pave,,AllPub
2135,157443.925537187,Pave,,AllPub
2136,180681.007992057,Pave,,AllPub
2137,183463.17030026,Pave,Grvl,AllPub
2138,182481.763081195,Pave,,AllPub
2139,193717.15117887,Pave,,AllPub
2140,182782.55099007,Pave,,AllPub
2141,175530.651633287,Pave,,AllPub
2142,177804.057884623,Pave,Pave,AllPub
2143,159448.670848577,Pave,,AllPub
2144,181338.976717529,Pave,,AllPub
2145,178553.558537021,Pave,,AllPub
2146,162820.928264556,Pave,,AllPub
2147,188832.479997186,Pave,,AllPub
2148,164682.185899437,Pave,,AllPub
2149,181549.735943801,Pave,,AllPub
2150,199158.097008868,Pave,,AllPub
2151,152889.520990566,Pave,,AllPub
2152,181150.551679116,Pave,,AllPub
2153,181416.732376013,Pave,,AllPub
2154,164391.238182305,Pave,,AllPub
2155,185421.046498812,Pave,,AllPub
2156,193981.327550004,Pave,,AllPub
2157,178824.324789223,Pave,,AllPub
2158,209270.051606246,Pave,,AllPub
2159,177801.266806344,Pave,,AllPub
2160,179053.762236101,Pave,Pave,AllPub
2161,178762.170601992,Pave,,AllPub
2162,184655.300458183,Pave,,AllPub
2163,191284.655779772,Pave,,AllPub
2164,179598.085818785,Pave,,AllPub
2165,167517.628078595,Pave,,AllPub
2166,182873.903794044,Pave,,AllPub
2167,177484.91371363,Pave,,AllPub
2168,188444.597319524,Pave,,AllPub
2169,179184.153848562,Pave,,AllPub
2170,184365.175780982,Pave,,AllPub
2171,184479.322005212,Pave,,AllPub
2172,182927.863869391,Pave,Pave,AllPub
2173,178611.639373646,Pave,,AllPub
2174,181943.343613558,Pave,,AllPub
2175,175080.614768394,Pave,,AllPub
2176,190720.794649138,Pave,,AllPub
2177,198422.868144723,Pave,Grvl,AllPub
2178,184482.11308349,Pave,,AllPub
2179,139214.952187861,Pave,,AllPub
2180,169233.113601757,Pave,,AllPub
2181,180664.118686848,Pave,,AllPub
2182,178818.742632666,Pave,,AllPub
2183,180422.049969947,Pave,,AllPub
2184,178601.93645581,Pave,,AllPub
2185,183083.159775993,Pave,,AllPub
2186,173163.101499699,Pave,,AllPub
2187,185968.161159774,Pave,,AllPub
2188,171226.050683054,Pave,,AllPub
2189,281643.976116786,Pave,,AllPub
2190,160031.711281258,Pave,Grvl,AllPub
2191,162775.979779394,Pave,,AllPub
2192,160735.445970193,Pave,,AllPub
2193,166646.109048572,Pave,,AllPub
2194,188384.548444549,Pave,,AllPub
2195,165830.697255197,Pave,,AllPub
2196,182138.358533039,Pave,,AllPub
2197,171595.397975647,Pave,,AllPub
2198,160337.079183809,Pave,,AllPub
2199,191215.088671543,Pave,,AllPub
2200,166956.093232213,Pave,,AllPub
2201,186581.830878692,Pave,Grvl,AllPub
2202,176450.548582099,Pave,,AllPub
2203,193743.194909801,Pave,,AllPub
2204,198882.566078408,Pave,,AllPub
2205,176385.102235149,Pave,,AllPub
2206,162447.639333636,Pave,,AllPub
2207,193782.555676777,Pave,,AllPub
2208,183653.890897141,Pave,Pave,AllPub
2209,210578.623546866,Pave,,AllPub
2210,158527.164107319,Pave,,AllPub
2211,163081.025723456,Pave,Grvl,AllPub
2212,174388.867432503,Pave,,AllPub
2213,191905.870131966,Pave,,AllPub
2214,174388.867432503,Pave,,AllPub
2215,161642.711648983,Pave,,AllPub
2216,186939.507215101,Pave,Pave,AllPub
2217,172482.165792649,Pave,,AllPub
2218,159695.999763546,Pave,,AllPub
2219,157230.369671007,Pave,Pave,AllPub
2220,179188.089925259,Pave,,AllPub
2221,157972.82120994,Pave,,AllPub
2222,156804.951429181,Pave,,AllPub
2223,211491.972463654,Pave,,AllPub
2224,186537.246201062,Pave,,AllPub
2225,200468.161070551,Pave,,AllPub
2226,182241.340444154,Pave,,AllPub
2227,157342.225898399,Pave,,AllPub
2228,182022.387105998,Pave,,AllPub
2229,181244.510876788,Pave,,AllPub
2230,178556.671573788,Pave,,AllPub
2231,189547.199876284,Pave,,AllPub
2232,187948.65165563,Pave,,AllPub
2233,194107.287565956,Pave,,AllPub
2234,183521.710369283,Pave,,AllPub
2235,183682.123638416,Pave,,AllPub
2236,178483.353073443,Pave,,AllPub
2237,184003.879764736,Pave,,AllPub
2238,171318.59033449,Pave,,AllPub
2239,162039.754313997,Pave,,AllPub
2240,154846.252190699,Pave,,AllPub
2241,194822.365690957,Pave,,AllPub
2242,169788.738771463,Pave,,AllPub
2243,178891.554489941,Pave,,AllPub
2244,152084.772428865,Pave,,AllPub
2245,139169.86642879,Pave,Grvl,AllPub
2246,192439.536044606,Pave,,AllPub
2247,161067.859766557,Pave,,AllPub
2248,158762.648504781,Pave,,AllPub
2249,175569.690441774,Pave,,AllPub
2250,183659.795012187,Pave,,AllPub
2251,280618.132617258,Pave,,AllPub
2252,180051.809151659,Pave,,AllPub
2253,176519.18031559,Pave,,AllPub
2254,179028.429210291,Pave,,AllPub
2255,177161.583857224,Pave,,AllPub
2256,180081.508849842,Pave,,AllPub
2257,205895.254584712,Pave,,AllPub
2258,183389.78131415,Pave,,AllPub
2259,178543.647859512,Pave,,AllPub
2260,194798.320499104,Pave,,AllPub
2261,162845.613675766,Pave,,AllPub
2262,148103.867006579,Pave,,AllPub
2263,201016.171121215,Pave,,AllPub
2264,277936.12694354,Pave,,AllPub
2265,249768.279823405,Pave,,AllPub
2266,161596.052159825,Pave,,AllPub
2267,158011.114889899,Pave,,AllPub
2268,194089.683858004,Pave,,AllPub
2269,181733.336941451,Pave,,AllPub
2270,182852.32772198,Pave,,AllPub
2271,189893.003058465,Pave,,AllPub
2272,194650.210979875,Pave,,AllPub
2273,187904.461286262,Grvl,,AllPub
2274,171774.925622692,Pave,,AllPub
2275,177998.685921479,Pave,Grvl,AllPub
2276,175648.484325498,Pave,,AllPub
2277,196918.071362067,Pave,,AllPub
2278,184299.838071218,Pave,,AllPub
2279,182379.855682734,Pave,,AllPub
2280,184050.725802482,Pave,,AllPub
2281,158296.975970284,Pave,,AllPub
2282,175053.355553278,Pave,Pave,AllPub
2283,162293.376090644,Pave,,AllPub
2284,186328.880047186,Pave,,AllPub
2285,151422.116936538,Pave,,AllPub
2286,181969.358707768,Pave,,AllPub
2287,189122.67702416,Pave,,AllPub
2288,185645.475220346,Pave,,AllPub
2289,182829.898109257,Pave,,AllPub
2290,195848.788183328,Pave,Pave,AllPub
2291,198785.059550672,Pave,,AllPub
2292,181676.126555428,Pave,Pave,AllPub
2293,194131.012663328,Pave,,AllPub
2294,201416.004864508,Pave,,AllPub
2295,185096.577205616,Pave,,AllPub
2296,195158.972598372,Pave,,AllPub
2297,184795.783735112,Pave,Pave,AllPub
2298,189168.263864671,Pave,,AllPub
2299,216855.260149095,Pave,,AllPub
2300,184946.642483576,Pave,,AllPub
2301,189317.51282069,Pave,,AllPub
2302,180803.277842406,Pave,Grvl,AllPub
2303,175061.18585763,Pave,,AllPub
2304,179074.839090732,Pave,,AllPub
2305,145708.764336107,Pave,Grvl,AllPub
2306,142398.022752011,Pave,,AllPub
2307,161474.534863641,Pave,,AllPub
2308,157025.945155458,Pave,,AllPub
2309,163424.037827357,Pave,,AllPub
2310,164692.778645345,Pave,,AllPub
2311,152163.2443541,Pave,,AllPub
2312,192383.215486656,Pave,,AllPub
2313,182520.230322476,Pave,,AllPub
2314,187254.507549722,Pave,,AllPub
2315,176489.659740359,Pave,,AllPub
2316,181520.466841293,Pave,,AllPub
2317,186414.978214721,Pave,,AllPub
2318,185197.764639705,Pave,,AllPub
2319,178657.794083741,Pave,,AllPub
2320,179731.198023759,Pave,,AllPub
2321,161748.271317074,Pave,,AllPub
2322,158608.749069322,Pave,,AllPub
2323,178807.370559878,Pave,,AllPub
2324,184187.158803897,Pave,,AllPub
2325,181686.10402108,Pave,,AllPub
2326,190311.050228337,Pave,,AllPub
2327,192252.496354076,Pave,,AllPub
2328,193954.849525775,Pave,,AllPub
2329,181044.201560887,Pave,,AllPub
2330,180258.131219792,Pave,,AllPub
2331,199641.657313834,Pave,,AllPub
2332,197530.775205517,Pave,,AllPub
2333,191777.196949138,Pave,,AllPub
2334,195779.543033588,Pave,,AllPub
2335,202112.046522999,Pave,,AllPub
2336,192343.34807661,Pave,,AllPub
2337,185191.359443218,Pave,,AllPub
2338,186760.207965688,Pave,,AllPub
2339,177733.78193528,Pave,,AllPub
2340,164430.391189608,Pave,,AllPub
2341,185299.601552401,Pave,,AllPub
2342,186414.012339254,Pave,,AllPub
2343,176401.921054593,Pave,,AllPub
2344,182381.322639642,Pave,,AllPub
2345,176334.184710805,Pave,,AllPub
2346,184901.735847457,Pave,,AllPub
2347,180085.766885029,Pave,,AllPub
2348,184901.735847457,Pave,,AllPub
2349,183967.561548763,Pave,,AllPub
2350,193046.301574659,Pave,,AllPub
2351,168538.969495849,Pave,,AllPub
2352,170157.842016969,Pave,,AllPub
2353,196559.709259637,Pave,,AllPub
2354,177133.709361852,Pave,,AllPub
2355,181553.279576244,Pave,,AllPub
2356,185770.606634739,Pave,,AllPub
2357,177017.595099274,Pave,Grvl,AllPub
2358,184123.358536806,Pave,,AllPub
2359,165970.357492196,Pave,,AllPub
2360,158151.985049452,Pave,,AllPub
2361,177086.476441481,Pave,,AllPub
2362,196373.896176551,Pave,,AllPub
2363,172465.707083115,Pave,,AllPub
2364,168590.782409896,Pave,,AllPub
2365,158820.474171061,Pave,,AllPub
2366,151611.37057651,Pave,,AllPub
2367,152125.028585543,Pave,,AllPub
2368,158404.073081048,Pave,,AllPub
2369,160692.078640755,Pave,,AllPub
2370,170175.22684199,Pave,,AllPub
2371,169854.436591138,Pave,,AllPub
2372,183410.785819008,Pave,,AllPub
2373,180347.194026928,Pave,,AllPub
2374,178930.528374292,Pave,,AllPub
2375,153346.220086301,Pave,Pave,AllPub
2376,182675.204270589,Pave,,AllPub
2377,180770.649792036,Pave,,AllPub
2378,188714.148087543,Pave,,AllPub
2379,191393.608594076,Pave,,AllPub
2380,174016.157494425,Pave,,AllPub
2381,183189.685319552,Pave,,AllPub
2382,183621.508757866,Pave,,AllPub
2383,168991.29635758,Pave,,AllPub
2384,185306.650665866,Pave,,AllPub
2385,189030.680303208,Pave,,AllPub
2386,179208.665698449,Pave,,AllPub
2387,174901.452792889,Pave,,AllPub
2388,168337.406544343,Pave,,AllPub
2389,158234.96461859,Pave,,AllPub
2390,179562.453368834,Pave,,AllPub
2391,174176.391640607,Pave,,AllPub
2392,173931.531845427,Pave,,AllPub
2393,184111.729429665,Pave,,AllPub
2394,179374.482001188,Pave,,AllPub
2395,207348.811884535,Pave,,AllPub
2396,186983.419339031,Pave,,AllPub
2397,206779.094049527,Pave,,AllPub
2398,177472.074683935,Pave,,AllPub
2399,156727.948324862,Pave,,AllPub
2400,157090.568462479,Pave,,AllPub
2401,160387.032696693,Pave,,AllPub
2402,172410.28005086,Pave,,AllPub
2403,191603.365657467,Pave,,AllPub
2404,182152.207151253,Pave,,AllPub
2405,180161.697340702,Pave,,NoSeWa
2406,169652.235284283,Pave,,AllPub
2407,182503.520140218,Pave,,AllPub
2408,179714.630677039,Pave,,AllPub
2409,180282.570719908,Pave,,AllPub
2410,192600.338060371,Pave,,AllPub
2411,166115.491248565,Pave,,AllPub
2412,186379.553524443,Pave,,AllPub
2413,184361.992258449,Pave,,AllPub
2414,186220.965458121,Pave,,AllPub
2415,198176.47090687,Pave,,AllPub
2416,168437.776500131,Pave,,AllPub
2417,178003.582312015,Pave,,AllPub
2418,179180.469244588,Pave,,AllPub
2419,191930.561104806,Pave,,AllPub
2420,175590.266214964,Pave,,AllPub
2421,176713.19307219,Pave,,AllPub
2422,180159.090947005,Pave,,AllPub
2423,188090.100808026,Pave,,AllPub
2424,186184.717727913,Pave,,AllPub
2425,223055.588672278,Pave,,AllPub
2426,158270.753116401,Pave,,AllPub
2427,184733.12846644,Pave,,AllPub
2428,199926.378957429,Pave,,AllPub
2429,175075.785166001,Pave,,AllPub
2430,180917.925148076,Pave,,AllPub
2431,182067.760625207,Pave,,AllPub
2432,178238.60191545,Pave,,AllPub
2433,173454.944606532,Pave,,AllPub
2434,176821.936262814,Pave,,AllPub
2435,183642.191304235,Pave,,AllPub
2436,177254.582741058,Pave,,AllPub
2437,168715.950111702,Pave,,AllPub
2438,180096.931198144,Pave,Pave,AllPub
2439,160620.728178758,Pave,,AllPub
2440,175286.544392273,Pave,,AllPub
2441,153494.783276297,Pave,,AllPub
2442,156407.65915545,Pave,,AllPub
2443,162162.525245786,Pave,,AllPub
2444,166809.886827197,Pave,,AllPub
2445,172929.156408918,Pave,,AllPub
2446,193514.330894137,Pave,,AllPub
2447,181612.141603756,Pave,,AllPub
2448,191745.386377068,Pave,,AllPub
2449,171369.325038261,Pave,,AllPub
2450,184425.470567051,Pave,,AllPub
2451,170563.252355189,Pave,,AllPub
2452,184522.369240168,Pave,Grvl,AllPub
2453,164968.947931153,Pave,,AllPub
2454,157939.621592364,Pave,,AllPub
2455,151520.381580069,Pave,,AllPub
2456,176129.508722531,Pave,,AllPub
2457,171112.978971478,Pave,,AllPub
2458,169762.081624282,Pave,,AllPub
2459,162246.828936295,Pave,,AllPub
2460,171339.303381589,Pave,,AllPub
2461,189034.753653813,Pave,,AllPub
2462,175758.873595981,Pave,,AllPub
2463,163351.721489893,Pave,,AllPub
2464,189806.546645026,Pave,,AllPub
2465,175370.990918319,Pave,,AllPub
2466,196895.599900301,Pave,,AllPub
2467,176905.917994834,Pave,,AllPub
2468,176866.557227858,Pave,,AllPub
2469,163590.677170026,Pave,,AllPub
2470,212693.502958393,Pave,,AllPub
2471,192686.931747717,Pave,,AllPub
2472,181578.684951827,Pave,,AllPub
2473,166475.457581812,Pave,,AllPub
2474,185998.255166219,Pave,,AllPub
2475,185527.714877908,Pave,,AllPub
2476,159027.118197683,Pave,,AllPub
2477,181169.654933769,Pave,,AllPub
2478,176732.915304722,Pave,,AllPub
2479,191619.294648838,Pave,,AllPub
2480,189114.303789324,Pave,,AllPub
2481,180934.635330334,Pave,,AllPub
2482,164573.372223048,Pave,,AllPub
2483,173902.011270196,Pave,,AllPub
2484,165625.127741229,Pave,,AllPub
2485,179555.219570787,Pave,,AllPub
2486,196899.720661579,Pave,,AllPub
2487,207566.12470446,Pave,,AllPub
2488,163899.981149274,Pave,,AllPub
2489,189179.428177786,Pave,,AllPub
2490,193892.880023125,Pave,,AllPub
2491,178980.874331431,Pave,,AllPub
2492,179749.876244365,Pave,,AllPub
2493,197999.674975598,Pave,,AllPub
2494,203717.470295797,Pave,,AllPub
2495,185249.261156892,Pave,,AllPub
2496,201691.208274848,Pave,,AllPub
2497,181956.548314794,Pave,,AllPub
2498,171895.936275806,Pave,,AllPub
2499,187245.168439419,Pave,,AllPub
2500,157816.77461318,Pave,,AllPub
2501,191702.912573325,Pave,,AllPub
2502,198599.420028908,Pave,,AllPub
2503,187193.313676329,Pave,,AllPub
2504,220514.993999535,Pave,,AllPub
2505,181814.527595192,Pave,,AllPub
2506,183750.755371907,Pave,,AllPub
2507,183000.431679579,Pave,,AllPub
2508,185830.971906573,Pave,,AllPub
2509,185497.872344187,Pave,,AllPub
2510,179613.437681321,Pave,,AllPub
2511,164454.967963631,Pave,,AllPub
2512,185127.237217638,Pave,,AllPub
2513,178750.613844623,Pave,,AllPub
2514,160927.61044889,Pave,,AllPub
2515,192562.808057836,Pave,,AllPub
2516,180990.24148554,Pave,,AllPub
2517,180064.941503122,Pave,,AllPub
2518,196070.997393789,Pave,,AllPub
2519,180352.919019023,Pave,,AllPub
2520,183367.953769362,Pave,,AllPub
2521,176734.841494027,Pave,,AllPub
2522,180848.220765939,Grvl,,AllPub
2523,187806.059368823,Pave,Grvl,AllPub
2524,180521.52640004,Pave,,AllPub
2525,181502.754496154,Pave,,AllPub
2526,174525.87942676,Pave,,AllPub
2527,188927.984063168,Pave,,AllPub
2528,184728.870431253,Pave,,AllPub
2529,179857.975518011,Pave,,AllPub
2530,180962.868071609,Pave,,AllPub
2531,179194.066390078,Pave,,AllPub
2532,179591.789259484,Pave,,AllPub
2533,180638.463702549,Pave,,AllPub
2534,185846.215131922,Pave,,AllPub
2535,195174.031139141,Pave,,AllPub
2536,192474.56829063,Pave,,AllPub
2537,164200.595496827,Pave,Grvl,AllPub
2538,178403.094096818,Pave,,AllPub
2539,170774.84018302,Pave,,AllPub
2540,179879.945898337,Pave,,AllPub
2541,177668.192752792,Pave,,AllPub
2542,180174.328610725,Pave,,AllPub
2543,170643.303572141,Pave,,AllPub
2544,165448.004289838,Pave,,AllPub
2545,195531.754886222,Pave,,AllPub
2546,165314.177682121,Pave,,AllPub
2547,172532.757660882,Pave,,AllPub
2548,203310.218069877,Pave,,AllPub
2549,175090.062515883,Pave,,AllPub
2550,230841.338626282,Pave,Pave,AllPub
2551,155225.19006632,Pave,,AllPub
2552,168322.342441945,Pave,Pave,AllPub
2553,165956.259265265,Pave,,AllPub
2554,193956.817564124,Pave,,AllPub
2555,171070.367893827,Pave,,AllPub
2556,166285.243628001,Pave,,AllPub
2557,182875.801346628,Pave,,AllPub
2558,218108.536769738,Pave,,AllPub
2559,174378.777632042,Pave,,AllPub
2560,164731.316372391,Pave,,AllPub
2561,156969.695083273,Pave,,AllPub
2562,173388.854342604,Pave,,AllPub
2563,177559.628685119,Pave,,AllPub
2564,194297.789279905,Pave,,AllPub
2565,174894.588364005,Pave,,AllPub
2566,196544.144075798,Pave,,AllPub
2567,179036.158528149,Pave,,AllPub
2568,211423.986511149,Pave,,AllPub
2569,208156.398935188,Pave,,AllPub
2570,159233.941347257,Pave,,AllPub
2571,210820.115134931,Pave,,AllPub
2572,140196.10979821,Pave,,AllPub
2573,198678.469082978,Pave,,AllPub
2574,186818.610760803,Pave,,AllPub
2575,175044.797633861,Pave,,AllPub
2576,180031.162892704,Pave,,AllPub
2577,176889.171525162,Pave,,AllPub
2578,159638.856165666,Pave,,AllPub
2579,154287.264375509,Pave,,AllPub
2580,191885.618181273,Pave,,AllPub
2581,177503.378612934,Pave,,AllPub
2582,166548.31684976,Pave,,AllPub
2583,164475.14942856,Pave,,AllPub
2584,167484.744857879,Pave,,AllPub
2585,188683.160555403,Pave,,AllPub
2586,162243.399502668,Pave,,AllPub
2587,180807.213919103,Pave,,AllPub
2588,176279.079637039,Pave,,AllPub
2589,163438.959094218,Pave,,AllPub
2590,161495.5393685,Pave,Grvl,AllPub
2591,216032.303722443,Pave,,AllPub
2592,176632.181541401,Pave,,AllPub
2593,168743.001567144,Pave,,AllPub
2594,183810.11848086,Pave,,AllPub
2595,156794.36054728,Pave,,AllPub
2596,169136.43011395,Pave,,AllPub
2597,183203.318752456,Pave,,AllPub
2598,213252.926930889,Pave,,AllPub
2599,190550.327866959,Pave,,AllPub
2600,234707.209860273,Pave,,AllPub
2601,135751.318892816,Pave,,AllPub
2602,164228.45886894,Pave,,AllPub
2603,153219.437030419,Pave,,AllPub
2604,164210.746523801,Pave,,AllPub
2605,163883.229117973,Pave,,AllPub
2606,154892.776269956,Pave,,AllPub
2607,197092.08733832,Pave,,AllPub
2608,228148.376399122,Pave,,AllPub
2609,178680.587503997,Pave,,AllPub
2610,165643.341167808,Pave,,AllPub
2611,222406.642660249,Pave,,AllPub
2612,184021.843582599,Pave,,AllPub
2613,170871.094939159,Pave,,AllPub
2614,189562.873697309,Pave,,AllPub
2615,170591.884966356,Pave,,AllPub
2616,172934.351682851,Pave,,AllPub
2617,186425.069879189,Pave,,AllPub
2618,218648.131133006,Pave,,AllPub
2619,183035.606761141,Pave,,AllPub
2620,178378.906069427,Pave,,AllPub
2621,184516.716597846,Pave,,AllPub
2622,181419.5253183,Pave,,AllPub
2623,196858.923438425,Pave,,AllPub
2624,189228.701486278,Pave,,AllPub
2625,208973.380761028,Pave,,AllPub
2626,180269.86896412,Pave,,AllPub
2627,159488.713683953,Pave,,AllPub
2628,191490.299507521,Pave,,AllPub
2629,228684.245137946,Pave,,AllPub
2630,201842.998700429,Pave,,AllPub
2631,209242.82289186,Pave,,AllPub
2632,202357.62258493,Pave,,AllPub
2633,168238.61218265,Pave,Pave,AllPub
2634,202524.12465369,Pave,,AllPub
2635,170588.771929588,Pave,,AllPub
2636,198375.31512987,Pave,,AllPub
2637,170636.827889889,Pave,,AllPub
2638,181991.079479377,Pave,Grvl,AllPub
2639,183994.54251844,Pave,,AllPub
2640,182951.482193584,Pave,,AllPub
2641,174126.297156192,Pave,,AllPub
2642,170575.496742588,Pave,,AllPub
2643,175332.239869971,Pave,,AllPub
2644,167522.061539111,Pave,Grvl,AllPub
2645,168095.583738538,Grvl,,AllPub
2646,154406.415627461,Pave,,AllPub
2647,170996.973346087,Pave,,AllPub
2648,159056.890245639,Pave,,AllPub
2649,181373.6165193,Pave,,AllPub
2650,152272.560975937,Pave,,AllPub
2651,168664.346821336,Pave,,AllPub
2652,211007.008292301,Pave,Pave,AllPub
2653,182909.515032911,Pave,Grvl,AllPub
2654,203926.829353303,Pave,,AllPub
2655,179082.825442944,Pave,,AllPub
2656,206260.099795032,Pave,,AllPub
2657,181732.443415757,Pave,,AllPub
2658,189698.740693148,Pave,,AllPub
2659,203074.34678979,Pave,,AllPub
2660,201670.634365666,Pave,,AllPub
2661,173756.812589691,Pave,,AllPub
2662,181387.076390881,Pave,,AllPub
2663,184859.155270535,Pave,,AllPub
2664,158313.615666777,Pave,,AllPub
2665,151951.955409666,Pave,,AllPub
2666,162537.52704471,Pave,,AllPub
2667,178998.337067854,Pave,,AllPub
2668,186732.584943041,Pave,,AllPub
2669,187323.318406165,Pave,,AllPub
2670,199437.232798284,Pave,,AllPub
2671,185546.680858653,Pave,,AllPub
2672,161595.015798593,Pave,,AllPub
2673,154672.422763036,Pave,,AllPub
2674,159355.710116165,Pave,,AllPub
2675,155919.014077746,Pave,,AllPub
2676,182424.87095604,Pave,,AllPub
2677,178100.589622319,Pave,,AllPub
2678,202577.900044456,Pave,,AllPub
2679,177862.778940605,Pave,,AllPub
2680,182056.024744887,Pave,,AllPub
2681,191403.199177104,Pave,,AllPub
2682,196264.754980043,Pave,,AllPub
2683,209375.003419718,Pave,,AllPub
2684,196691.81930173,Pave,,AllPub
2685,192458.431539585,Pave,,AllPub
2686,182242.80926507,Pave,,AllPub
2687,183259.503900506,Pave,,AllPub
2688,188108.243748841,Pave,,AllPub
2689,171418.640195797,Pave,,AllPub
2690,194698.882220432,Pave,,AllPub
2691,174841.84007522,Pave,,AllPub
2692,172965.476488899,Pave,,AllPub
2693,189386.323677132,Pave,,AllPub
2694,185682.618340257,Pave,,AllPub
2695,176412.012719061,Pave,,AllPub
2696,174976.489722867,Pave,,AllPub
2697,180718.581707643,Pave,,AllPub
2698,186131.188248242,Pave,,AllPub
2699,165220.786354033,Pave,,AllPub
2700,164115.893800435,Pave,,AllPub
2701,182125.729127024,Pave,,AllPub
2702,182285.140233276,Pave,,AllPub
2703,196325.442210366,Pave,,AllPub
2704,164865.215329881,Pave,,AllPub
2705,182694.492209823,Pave,,AllPub
2706,185425.485520958,Pave,,AllPub
2707,171414.7041191,Pave,,AllPub
2708,183433.472466085,Pave,,AllPub
2709,176844.981155794,Pave,Grvl,AllPub
2710,180568.187753206,Pave,,AllPub
2711,185948.625475832,Pave,,AllPub
2712,189388.291715481,Pave,,AllPub
2713,142754.489165865,Pave,,AllPub
2714,156106.800760811,Pave,,AllPub
2715,155895.397617561,Pave,,AllPub
2716,159851.977738548,Pave,,AllPub
2717,185157.832305524,Pave,,AllPub
2718,180716.291710805,Pave,,AllPub
2719,176901.093954071,Pave,,AllPub
2720,181017.222455218,Pave,,AllPub
2721,183269.159407668,Pave,,AllPub
2722,193550.830097069,Pave,,AllPub
2723,170625.842699726,Pave,,AllPub
2724,182012.405942725,Pave,Pave,AllPub
2725,179162.507290733,Pave,,AllPub
2726,183269.159407668,Pave,,AllPub
2727,180589.836175042,Pave,,AllPub
2728,181465.935198741,Pave,,AllPub
2729,196053.029878304,Pave,,AllPub
2730,183421.020319014,Pave,,AllPub
2731,167926.839083612,Pave,,AllPub
2732,168027.530997889,Pave,,AllPub
2733,182164.26685407,Pave,,AllPub
2734,172469.071592608,Pave,,AllPub
2735,181059.374300472,Pave,,AllPub
2736,182997.570115536,Pave,,AllPub
2737,166140.504179894,Pave,,AllPub
2738,198515.546934075,Pave,,AllPub
2739,193789.648503294,Pave,,AllPub
2740,173550.025727531,Pave,,AllPub
2741,176487.943174734,Pave,,AllPub
2742,188813.302559147,Pave,,AllPub
2743,178531.911979192,Pave,,AllPub
2744,182145.731469001,Pave,,AllPub
2745,179196.465024103,Pave,,AllPub
2746,169618.349900686,Pave,,AllPub
2747,170010.168655046,Pave,,AllPub
2748,181739.671652174,Pave,,AllPub
2749,172846.934955574,Pave,,AllPub
2750,195560.8830172,Pave,,AllPub
2751,180358.114292956,Pave,,AllPub
2752,211817.702818093,Pave,,AllPub
2753,176170.128686742,Pave,,AllPub
2754,234492.248263699,Pave,,AllPub
2755,182450.956536015,Pave,,AllPub
2756,174902.068073146,Pave,,AllPub
2757,173684.174293738,Pave,,AllPub
2758,147196.673677562,Pave,,AllPub
2759,175231.189709791,Pave,,AllPub
2760,193417.64740633,Pave,,AllPub
2761,183313.601249761,Pave,,AllPub
2762,180882.250849082,Pave,,AllPub
2763,186735.697979808,Pave,,AllPub
2764,172922.865411247,Pave,,AllPub
2765,202551.677190573,Pave,,AllPub
2766,190485.634074173,Pave,,AllPub
2767,173439.49362151,Pave,,AllPub
2768,196613.598849219,Pave,,AllPub
2769,178152.259700828,Pave,,AllPub
2770,174519.904825949,Pave,,AllPub
2771,172627.796932837,Pave,,AllPub
2772,173732.689486435,Pave,,AllPub
2773,209219.844787023,Pave,,AllPub
2774,181059.374300472,Pave,,AllPub
2775,188515.443002459,Pave,,AllPub
2776,182164.26685407,Pave,,AllPub
2777,188137.901597981,Pave,,AllPub
2778,158893.54306269,Pave,Pave,AllPub
2779,189579.65066771,Pave,,AllPub
2780,165229.803505847,Pave,,AllPub
2781,162186.071220207,Pave,,AllPub
2782,166374.879866351,Pave,,AllPub
2783,161665.184974757,Pave,,AllPub
2784,175079.328798445,Pave,,AllPub
2785,203840.874021305,Pave,,AllPub
2786,152129.078861057,Pave,,AllPub
2787,181012.141380101,Pave,,AllPub
2788,161305.53503837,Pave,,AllPub
2789,203326.392972343,Pave,Grvl,AllPub
2790,168385.571141831,Pave,,AllPub
2791,183564.365159986,Pave,,AllPub
2792,163784.619440861,Pave,,AllPub
2793,171989.192193993,Pave,,AllPub
2794,180839.95616829,Pave,,AllPub
2795,170895.923185907,Pave,,AllPub
2796,174071.054808518,Pave,,AllPub
2797,259423.859147546,Pave,,AllPub
2798,188000.824679588,Pave,Grvl,AllPub
2799,179171.703565498,Pave,,AllPub
2800,171022.241447762,Pave,,AllPub
2801,174126.297156192,Pave,,AllPub
2802,187625.573271948,Pave,,AllPub
2803,199567.946369234,Pave,,AllPub
2804,205328.078219268,Pave,,AllPub
2805,166231.535025379,Pave,,AllPub
2806,154743.91606057,Pave,,AllPub
2807,159714.537012622,Pave,,AllPub
2808,185563.069082422,Pave,,AllPub
2809,171500.796725006,Pave,,AllPub
2810,180983.443844799,Pave,Pave,AllPub
2811,183141.236914997,Pave,,AllPub
2812,178498.634450214,Pave,,AllPub
2813,224323.710512388,Pave,,AllPub
2814,218200.642127877,Pave,,AllPub
2815,182283.177756557,Pave,,AllPub
2816,190054.639237419,Pave,,AllPub
2817,160192.453934518,Pave,,AllPub
2818,171289.393581756,Pave,,AllPub
2819,151131.098733642,Pave,,AllPub
2820,181721.458225594,Pave,,AllPub
2821,172725.053851858,Pave,,AllPub
2822,222438.699143414,Pave,,AllPub
2823,235419.373448928,Pave,,AllPub
2824,185150.926027596,Pave,,AllPub
2825,184772.239624699,Pave,Pave,AllPub
2826,180658.216435809,Pave,,AllPub
2827,209673.316647174,Pave,,AllPub
2828,205939.810625621,Pave,,AllPub
2829,165633.573325837,Pave,,AllPub
2830,186030.317211014,Pave,,AllPub
2831,160312.319589212,Pave,,AllPub
2832,190702.440251029,Pave,,AllPub
2833,175122.810326699,Pave,,AllPub
2834,183783.13937519,Pave,,AllPub
2835,178290.666302221,Pave,,AllPub
2836,181605.343963015,Pave,,AllPub
2837,187992.451444752,Pave,,AllPub
2838,188885.11781517,Pave,Grvl,AllPub
2839,189959.344795118,Pave,,AllPub
2840,179258.619211334,Pave,,AllPub
2841,181518.750275669,Pave,Grvl,AllPub
2842,193008.659237315,Pave,,AllPub
2843,186313.89385619,Pave,,AllPub
2844,181499.39185067,Pave,,AllPub
2845,174126.297156192,Pave,,AllPub
2846,183918.612062767,Pave,,AllPub
2847,184114.270899227,Pave,,AllPub
2848,158540.947801398,Pave,Grvl,AllPub
2849,197034.759055859,Pave,,AllPub
2850,185170.284452595,Pave,,AllPub
2851,221134.533635148,Pave,,AllPub
2852,184306.637575967,Pave,,AllPub
2853,199792.302740996,Pave,,AllPub
2854,143237.803559736,Pave,Pave,AllPub
2855,177294.838897736,Pave,,AllPub
2856,182368.620883855,Pave,,AllPub
2857,176487.943174734,Pave,,AllPub
2858,183849.408762071,Pave,,AllPub
2859,184964.141507413,Pave,,AllPub
2860,196395.969632434,Pave,,AllPub
2861,188374.936650438,Pave,,AllPub
2862,176261.296806135,Pave,,AllPub
2863,163628.142248426,Pave,,AllPub
2864,180618.032628904,Pave,,AllPub
2865,161647.329794081,Pave,Grvl,AllPub
2866,167129.598867773,Pave,,AllPub
2867,174750.988352687,Pave,,AllPub
2868,177560.202116333,Pave,,AllPub
2869,192577.796112839,Pave,,AllPub
2870,199202.898960871,Pave,,AllPub
2871,182818.156667308,Pave,,AllPub
2872,148217.262540651,Pave,,AllPub
2873,188997.797082492,Pave,,AllPub
2874,185807.928877601,Pave,,AllPub
2875,177030.477842021,Pave,Pave,AllPub
2876,175942.474593632,Pave,,AllPub
2877,172912.518576433,Pave,,AllPub
2878,198359.248864591,Pave,,AllPub
2879,184379.133036383,Pave,,AllPub
2880,194255.566948886,Pave,,AllPub
2881,209449.651603064,Pave,,AllPub
2882,169979.323958443,Pave,,AllPub
2883,188206.281858748,Pave,,AllPub
2884,186412.438609167,Pave,,AllPub
2885,196761.386409959,Pave,,AllPub
2886,208353.269558209,Pave,,AllPub
2887,166548.067241044,Pave,,AllPub
2888,175942.474593632,Pave,Grvl,AllPub
2889,166790.457916434,Pave,,AllPub
2890,160515.850579067,Pave,,AllPub
2891,192167.621096362,Pave,,AllPub
2892,178751.551083369,Pave,,AllPub
2893,198678.894117024,Pave,Grvl,AllPub
2894,164553.120272354,Pave,,AllPub
2895,156887.932862327,Pave,,AllPub
2896,164185.777305524,Pave,,AllPub
2897,212992.120630876,Pave,,AllPub
2898,197468.550532521,Pave,,AllPub
2899,180106.84373966,Pave,,AllPub
2900,183972.071056674,Pave,,AllPub
2901,245283.198337927,Pave,,AllPub
2902,170351.963410756,Pave,,AllPub
2903,195596.307707478,Pave,,AllPub
2904,189369.756330412,Pave,,AllPub
2905,223667.404551664,Pave,,AllPub
2906,169335.310624364,Pave,,AllPub
2907,167411.02835165,Pave,,AllPub
2908,187709.555003968,Pave,,AllPub
2909,196526.002998991,Pave,,AllPub
2910,137402.569855589,Pave,,AllPub
2911,165086.775061735,Pave,,AllPub
2912,188506.431412274,Pave,,AllPub
2913,172917.456816012,Pave,,AllPub
2914,166274.325225982,Pave,,AllPub
2915,167081.220948984,Pave,Pave,AllPub
2916,164788.778231138,Pave,,AllPub
2917,219222.423400059,Pave,,AllPub
2918,184924.279658997,Pave,,AllPub
2919,187741.866657478,Pave,,AllPub
